,0,1,2,3,4,5,6,7,8,9,10,11,12,13,14,15,16,17,18,19,20,21,22,23,24,25,26,27,28,29,30,31,32,33,34,35,36,37,38,39,40,41,42,43,44,45,46,47,48,49,50,51,52,53,54,55,56,57,58,59,60,61,62,63,64,65,66,67,68,69,70,71,72,73,74,75,76,77,78,79,80,81,82,83,84,85,86,87,88,89,90,91,92,93,94,95,96,97,98,99
0,\N,\N,386142,323800,313839,212301,384203,386553,312916,324668,213929,382046,40071,40073,808772,140478,482731,426224,600630,470556,301221,467956,687806,\N,\N,303592,\N,\N,\N,337998,\N,\N,428963,292393,199581,223588,\N,343986,804395,139480,581535,341097,202919,584221,\N,731988,340243,446146,481529,425327,\N,\N,342261,599809,733544,757551,470229,277316,443362,394504,688640,427683,226952,344962,340987,756021,395863,469405,283037,453529,457234,\N,\N,\N,\N,\N,\N,\N,4139322,2335611,2886242,3405058,1289882,1387361,487877,1379811,2524601,2933372,\N,\N,\N,\N,\N,397528,\N,\N,\N,260442,\N,\N
1,\N,\N,\N,\N,\N,\N,\N,\N,\N,\N,\N,\N,\N,20508,\N,\N,\N,\N,\N,\N,\N,\N,\N,\N,659450,\N,\N,658304,\N,\N,\N,252041,582106,358691,\N,\N,485931,\N,\N,\N,\N,\N,\N,\N,\N,\N,\N,\N,\N,\N,\N,\N,\N,\N,\N,\N,\N,\N,\N,\N,\N,\N,\N,\N,\N,\N,\N,\N,\N,\N,\N,\N,\N,\N,\N,\N,\N,\N,\N,253090,582465,\N,\N,\N,804966,\N,\N,\N,\N,\N,\N,\N,\N,\N,\N,\N,\N,\N,359585,\N
2,\N,\N,\N,\N,\N,\N,\N,\N,\N,\N,\N,20508,\N,\N,\N,\N,\N,\N,\N,\N,\N,\N,\N,\N,\N,\N,20508,\N,\N,\N,\N,\N,\N,\N,\N,\N,\N,\N,\N,\N,\N,\N,\N,\N,\N,\N,\N,\N,\N,109189,\N,\N,\N,\N,\N,\N,\N,\N,\N,\N,\N,\N,\N,\N,\N,\N,\N,\N,\N,\N,\N,804658,\N,\N,\N,\N,\N,\N,\N,\N,\N,\N,\N,\N,\N,\N,109189,\N,\N,\N,\N,\N,\N,485399,\N,\N,\N,\N,\N,\N
3,\N,\N,\N,\N,\N,\N,\N,\N,\N,\N,\N,\N,\N,\N,\N,\N,\N,\N,\N,\N,\N,\N,\N,\N,\N,\N,\N,\N,\N,\N,\N,\N,\N,\N,\N,\N,\N,\N,\N,\N,109189,\N,\N,\N,\N,\N,\N,\N,\N,\N,\N,\N,\N,\N,\N,\N,\N,\N,\N,\N,\N,\N,\N,\N,\N,\N,\N,\N,\N,\N,\N,\N,\N,\N,\N,\N,\N,\N,\N,\N,\N,\N,\N,\N,\N,397220,\N,\N,397528,\N,\N,\N,\N,\N,\N,\N,\N,\N,5288778,\N
4,\N,\N,\N,\N,\N,1233703,200621,1357300,824263,752597,665372,1059003,561341,265246,673335,642936,1323058,1756692,709444,1574621,361356,1171604,1230776,197288,819495,748755,1712058,661333,1057188,90543,557059,262646,2143359,670769,635019,2141443,1319428,1178371,604479,1830430,1894346,1705708,2143844,2142904,602717,1894674,706436,1574071,90788,359747,1170300,166862,131388,52171,62491,290467,339126,353523,255652,430181,360332,445400,406361,468994,437741,170007,290067,257162,430775,117612,207651,147681,194017,299320,257685,443763,209967,130528,288786,96625,360419,445387,359711,370790,378204,406346,52395,114967,303157,204811,370579,338118,63139,147957,99849,382174,212755,352349,468822,354083
5,190415,296666,254596,437620,440663,209780,302903,213767,345894,227584,209519,226417,209315,\N,\N,\N,905045,115676,274161,1013388,1300206,2155763,679901,180180,515391,274284,888212,1254292,607115,402243,416567,540058,5485348,5828020,1221395,536332,397237,1299094,\N,1056813,1202795,1248028,2916164,1906313,346245,2841714,2250152,\N,787017,1813378,2663654,1621604,167235,950188,198499,257821,1222722,578949,2739290,4701862,2277248,1481951,374077,808818,792728,319727,1080242,875370,613483,1192020,1063961,1297125,1394058,1279769,211325,647292,1061094,1110812,1441193,3264098,1440253,1464752,797988,1263132,1488533,722112,1362951,5794582,719177,2879518,349615,4830949,341776,\N,\N,642158,2417477,\N,1611037,4965399
6,514306,4264694,952002,898454,646151,4825382,4912646,506026,509127,875745,1239201,716618,833869,628997,725144,1070133,619326,891446,649856,1546394,627311,1788899,702148,2223622,336652,\N,1756674,1156177,158592,3666094,168360,784839,1622364,993989,753821,581097,684260,545370,949785,1309525,1019319,451015,564344,1231526,379281,327233,840399,1757604,951978,1049549,1377884,382828,838260,1916223,780043,2014702,563143,705579,313019,905855,274227,1254624,\N,396184,\N,1910224,168116,950259,1219267,612585,649578,1356716,1232083,1069690,700598,4307490,169239,755748,\N,546913,452349,327522,839682,698771,433955,4475572,757167,4479416,769959,762700,645292,2500527,1672057,1706890,994493,\N,450255,992824,243546,\N
7,1152736,197944,\N,\N,\N,727497,1023255,\N,167755,135285,406938,1066119,670730,\N,601161,1673224,350234,950277,985391,604981,1032503,3537831,3909432,660162,1039505,\N,5234514,1214159,327070,\N,1579383,874356,789548,984466,3150075,654184,1401538,1187358,1364817,\N,923485,1872913,1153528,307257,\N,375704,1848813,1255051,543766,1079298,4435334,418719,571647,854442,3289127,731642,\N,900743,\N,1290462,1508395,255233,476158,319136,1165521,1148197,3830389,1981460,407680,739971,766411,4546952,4348817,4059218,5418691,\N,3286644,4370252,1017257,1171743,\N,\N,1184312,729750,944873,254332,395449,\N,893271,1544568,1474695,1562230,1220225,699748,649289,1716793,911107,3644416,891155,1876190
8,615232,766569,3024111,1287262,257179,1129879,922818,625848,655117,753796,834669,1528059,1096487,1802814,515656,951949,407736,768769,760000,760050,1578925,1001916,500014,877330,275998,890449,604978,575855,1077490,1193184,1062699,713304,834130,619716,785461,577873,951978,842790,647604,649288,583120,838070,761322,2171474,1647797,821870,520002,1667508,518730,779597,921710,422707,1144711,584994,948899,457279,1567013,1119752,389091,3953159,4324760,396093,1629486,1735519,1389128,1414830,758126,1702130,1780204,1765078,703450,\N,524897,1858123,1152635,309220,1594070,4506996,211030,3704455,424249,1545054,647050,864983,432156,630226,1662968,4265143,922451,979481,1532029,1332558,616757,1411017,1459645,808570,1537582,1727699,951766,770251
9,2504849,1216961,1696465,\N,3311404,1594103,2777504,1412697,2131175,274647,1015128,180229,516461,1539720,541076,1300992,347393,2729614,1066186,1598718,1280987,1109598,\N,\N,2867063,512265,904978,719041,2222819,2946939,1623977,\N,\N,1313023,1758600,1380525,1917323,313496,1673359,1714291,1288829,1128983,921715,684164,1727910,3115020,1155657,1528236,3118865,1581698,2170692,1213444,1345040,1175372,1841424,998566,1254945,2504923,\N,1716708,2481477,2113274,\N,1336896,431500,1597174,791916,1740065,241742,\N,1469567,931226,1006383,\N,1739816,\N,1837463,1541368,2931014,\N,432613,1084019,2144718,400434,\N,568181,1387333,694892,1644639,2550791,573572,1927792,272371,2322273,493190,591293,1429595,665390,2549851,\N
10,\N,3873962,544770,715492,\N,534900,\N,888904,1792452,774270,1837543,840827,1062688,764085,2141531,1602758,1311750,1754597,500157,968440,1594917,1569291,826292,938059,1746655,\N,\N,\N,315445,1048634,2232729,1492992,2230557,1811634,2036801,3231568,2372731,1693726,1293263,1977199,\N,1071008,2121742,4842939,2025838,1658448,1653270,1924941,2096862,2644353,785244,2019782,\N,1010023,3139295,2174892,454778,1684205,\N,1370214,3365337,2738777,666371,325125,2688565,2606190,4058139,419192,\N,1971332,1434900,2760212,2292600,1185500,201424,1021694,1369023,1816459,1263960,429941,1507947,320445,185622,1389825,1164099,533559,3255647,2746401,3569269,3000840,2216683,1381853,1343630,705085,1713512,1657662,1175012,547686,2243487,991583
11,826916,1853744,988235,2209945,452046,930079,3183713,916488,409629,998850,1327284,2388069,698736,681709,1402382,193681,1253437,489752,450226,996357,2504669,\N,\N,2050883,1290586,\N,147712,3857039,4592195,254942,1719166,1018345,2480483,367185,963078,242222,518139,231079,1153192,1665865,2112368,2227179,\N,1875015,3773315,198368,457966,1339807,896199,428894,1597369,291905,790732,2236645,239373,1467972,939387,726091,548660,1022226,929750,312471,1005512,\N,1738872,318963,164167,517491,1832931,911704,1302660,726641,134805,776445,1538519,985596,406108,918781,\N,\N,\N,\N,\N,\N,\N,\N,\N,\N,430412,1071389,427615,1343924,222744,670982,1143938,1085483,984634,\N,296476,\N
12,671145,2146885,\N,4300171,\N,1725670,1670019,399205,\N,2538287,\N,1923940,1705430,2482927,1909740,568101,1147547,348400,581891,976103,791041,949073,949124,1387230,1210942,3337504,1937108,335383,1066404,2717199,304350,457998,253126,387115,987500,1568768,695093,606894,1119567,1642530,590667,1757431,1328717,\N,\N,\N,2842117,\N,\N,1440981,344511,336604,\N,\N,781802,1032873,908442,5464819,1097224,389100,2549755,\N,\N,\N,\N,\N,\N,\N,\N,\N,\N,1208054,4108569,4549416,\N,\N,\N,\N,\N,1774398,2087399,\N,\N,1329504,594861,\N,\N,3921707,671619,817425,4482395,\N,4631113,4720050,6407938,\N,\N,\N,1844915,\N
13,627335,3875141,818183,\N,571728,462978,\N,\N,\N,\N,462897,1229091,3537477,3953081,1928055,4110699,453529,\N,\N,4070561,2823096,4008013,486557,2338048,2039708,2083241,3622510,271401,1305956,5481839,2248886,4709523,3267755,\N,4835049,3913245,3647733,4328850,1698542,2320754,\N,1326450,1404551,369891,2565621,\N,\N,\N,4302875,2535323,3340540,4556945,\N,457234,\N,\N,\N,\N,4075359,\N,2974392,1125909,4424439,502027,517844,\N,\N,\N,2166548,3269343,4319708,1575593,4403095,629985,3917658,\N,\N,1353354,4122228,765575,1385484,199662,1818098,611437,561224,1919007,1146554,643234,2974901,711206,\N,817406,2504173,2784294,2058709,2529487,4068756,493726,588530,653064
14,1429730,621277,663968,1439064,338993,564366,1040439,886944,998978,396665,2547839,982055,911565,977829,2005851,2094965,1312820,602426,1986905,191794,650121,824991,575942,763512,1221592,1570215,1184935,2102729,598443,801498,1603071,608507,1845576,\N,\N,\N,\N,1212763,1628367,543681,2007526,1036010,715446,427833,325572,535670,1580193,1735569,887940,823075,1852848,1956415,2934776,872419,1385092,1793319,\N,1772303,4082813,\N,369353,1908130,1594243,3454266,3935432,4971025,2080165,628699,790102,1095699,176331,983832,1413939,775350,1667474,896136,840548,1122666,653241,1059788,764010,1027465,1405403,761630,556758,\N,\N,1058467,\N,\N,\N,2274410,\N,1297604,1466942,\N,2411859,\N,1755741,4562474
15,\N,\N,953375,2014965,\N,1187762,1874053,\N,4730555,\N,1806369,\N,4734400,1700435,3309310,2141755,2207240,\N,\N,2047966,256212,\N,\N,\N,\N,\N,\N,\N,551356,\N,1317650,4546548,\N,1714050,1928208,1940978,590040,2087645,\N,4066855,4431250,2094647,\N,\N,5489497,\N,\N,\N,\N,\N,\N,367385,\N,1669485,3405058,5272456,\N,2810464,1408512,\N,\N,\N,2256567,1567763,\N,1909585,3802703,1906925,\N,1080424,\N,\N,\N,6458474,\N,1318789,\N,1530956,\N,4754829,4283869,4701612,\N,1740749,\N,5319462,4877841,5673674,\N,\N,\N,\N,1980526,\N,\N,\N,4938520,794583,452569,2326266
16,\N,\N,\N,2652305,2395507,1363707,1602487,115222,1367139,2932456,\N,1309458,263171,497588,498042,922382,965004,568484,514443,1110336,1593581,214710,1879577,1786453,1568405,2884489,636428,1889616,2636880,787185,1153044,1763745,824021,1406965,1490997,1965783,309167,702409,911559,375052,522844,\N,\N,\N,\N,1043870,1190288,1286375,\N,\N,\N,\N,\N,\N,311989,2162841,1292022,1849717,1860697,1043989,750721,2097418,2233277,1624748,542508,1867253,2156759,419583,\N,1224635,1197917,\N,1812433,271278,1484620,210648,798130,1610147,892422,1156830,\N,1018044,1231124,381341,562946,1251969,613937,257225,625482,4580060,513471,409088,501109,278650,1154416,1591133,1490749,\N,536909,463875
17,\N,\N,2426622,488357,1291827,1019699,\N,2223720,471029,898087,292832,315030,333021,\N,1345219,982938,1700465,1145596,332878,1760767,1332043,2820811,3261658,621368,1315735,\N,1032903,429699,\N,\N,\N,823488,1902897,1096379,894438,3302583,1027281,2251976,115711,263115,570703,216621,632901,1490363,\N,1291044,747235,2147246,3396108,\N,1257580,2820718,274939,751260,3182130,\N,3490878,1312127,1321064,3067948,988254,541745,2130227,3336814,1919818,520366,3306940,3432293,832358,3461928,4069048,\N,2247418,3237173,490427,752885,1116103,388332,1926904,1102274,2801897,544572,\N,923454,1023238,419583,1387474,3510872,2550968,857756,546009,309821,2232565,595569,602572,1568857,417509,1078308,1590981,2037130
18,4326625,1985194,2151941,1800131,4966700,1547032,4436685,4510969,3231653,1573880,1605416,1043153,1626086,3400993,4614133,2044743,1759171,1055264,1084899,1635314,500141,407744,573339,477139,119718,403329,\N,540764,\N,1250896,\N,2667247,201557,\N,\N,372221,323430,873856,1396596,1266111,509670,\N,630496,647848,161734,995861,686378,\N,381931,1053190,713437,858004,769577,5289949,958359,881611,214231,2776952,2374886,\N,930375,\N,413337,653066,145778,\N,1877908,\N,\N,\N,729130,989997,219073,297120,2487602,795395,1069189,307711,253645,390614,1330153,4012192,4403147,192459,\N,\N,\N,\N,\N,1855809,1599528,179698,554492,1912530,1370401,1888709,1968490,\N,913850,\N
19,1261140,419992,1804470,4615501,480810,3782842,532754,\N,\N,443416,661349,642556,393508,590559,571887,1873369,4343530,2774632,1132851,219442,333022,1104225,\N,4562748,4651686,\N,3466811,1452848,\N,260108,\N,432232,\N,1670045,1011982,\N,1524065,722615,976725,750116,769245,\N,672646,5844408,2907568,1623006,791446,1492137,4254592,624155,3654919,3279936,3014424,4123902,3695540,1400917,1694874,698747,2237141,3161321,700570,3849443,962367,236478,3770302,1939741,2167711,945274,\N,1909443,2707230,3914324,\N,486756,633013,609951,\N,\N,1950673,3449479,2348512,3798559,2922655,1110319,2631059,1472301,1188991,\N,2089552,543469,2812889,2045860,3769786,3284349,432482,1879891,1203318,582346,1571314,774237
20,903095,2309226,1203912,1153699,1924680,1083472,1235709,589404,2341591,3473487,191527,2721212,303906,2513158,2466406,2457709,1292085,277608,812376,952773,732039,426887,1981756,674588,3915226,654636,1908481,751493,530050,3294921,792197,964927,899407,1541047,1069485,1082623,2121705,3184938,430936,773614,1292583,648810,443938,1652438,1351306,255511,429540,1924275,816751,4115541,823753,\N,1319258,1312018,638690,788610,894097,478258,2097765,576886,1531798,1320591,391823,2644080,762324,3076599,1202582,318167,763285,586164,642862,1166190,616324,987503,567575,784891,538958,1148309,1660982,2018993,\N,2133804,1870132,1008339,1378664,4834419,3830348,4275367,2176136,4494151,200658,\N,3930741,4279821,\N,3339922,1759008,4349613,581156,2361153
21,2001513,894621,2600067,1977505,454911,1922044,2772320,1570387,408167,920840,1682492,1129990,774319,903347,741484,208645,327521,765264,979495,1370498,1224297,1737592,520032,1099711,4911847,1794009,4549242,2113738,3348741,4593527,4633743,1231212,1820857,1852393,\N,2936200,4968620,5317700,1290130,1873063,3306092,\N,4559280,2291185,2006149,1302241,1331877,1183152,1882292,3340412,244905,4348779,2739358,\N,\N,4729880,610194,\N,4877935,3442278,1056378,4655417,1206087,781363,3081873,1298883,665181,831064,322711,2687068,3089434,\N,\N,557905,\N,\N,3470766,1084867,1153798,1327371,418825,3287984,1972568,1142039,2252292,3465431,1078952,4370462,2761041,642229,\N,1238122,1178443,2279734,3251101,1628133,588965,1870638,199456,1016837
22,1529510,1170809,1332749,1020052,2970326,1574615,1977364,493437,1450029,2350022,964591,3339486,707969,893261,749683,262475,505042,1185802,617207,1114801,429738,731189,1409928,1368428,792441,389236,946668,1459341,1817352,1846551,\N,452698,1932163,1668491,3478299,252410,429330,2324223,1104099,1507856,819429,2800593,190882,530907,316738,182536,392192,805994,1389779,1185153,922050,1008032,890999,1532640,1161569,1542668,533410,2499732,2104191,1022709,300795,\N,\N,\N,\N,\N,\N,\N,\N,\N,2255539,1528728,530740,777980,1216324,1027932,692184,513197,883892,766692,483257,1220225,683694,793680,907140,953750,770251,2257345,2040300,2021485,2383706,1351757,2923233,2335107,1757606,1569562,1766679,2393516,2216683,386771
23,2098273,3899478,607535,4796126,3836223,779265,2617735,2360937,\N,1740489,890067,986700,756188,550723,3652177,2966737,3397370,2419067,833198,818183,4152227,2039708,2083241,3622510,2198812,4598473,2058709,2529487,4068756,714484,598443,801498,1594635,2336963,2080165,637799,4546548,2395507,969494,1485365,2034774,2097975,1737771,550185,1490997,2080967,\N,1490363,2614224,2623694,1299939,1663381,1830016,1387474,3510872,1372594,\N,2550968,857756,500141,1255634,769245,3536580,524471,1185076,260358,2356054,4139335,244905,4155029,2376940,4771408,1539494,2122133,1474006,4241691,1216823,387656,2154413,1293314,2250442,288482,933717,248853,1642560,1296163,2252204,290243,917120,249634,1644932,1489374,1512360,326753,1340568,1612853,239622,1089439,413170,1750302
24,476297,\N,834219,1872099,1460117,1094184,339258,1140860,\N,200621,845935,473881,1357300,1141684,397237,938652,2245964,824263,150759,4077708,752597,4081552,691478,1281780,860393,1038878,2255539,1299094,314658,1454117,1153469,\N,\N,444840,2281101,665372,816840,1386409,1308396,602068,\N,1028557,1239420,\N,1088130,1059003,2808396,524024,625391,1511880,\N,1295446,561341,265246,449980,1459705,389179,1055299,1275360,1556091,681428,887206,612428,565604,1426088,3164868,3536469,642936,922628,1433090,\N,841195,\N,\N,1334395,707734,1179857,1175973,611503,2752211,256320,1795124,1056813,1312561,\N,1271971,807717,525621,1416697,1756692,755664,2003399,\N,588246,\N,706211,1384265,1603825,1202795,937352
25,952083,4190346,965233,1248028,2916164,1134717,1121951,502879,5805627,1684047,1901981,648818,869743,709444,1555948,935064,3457426,1583596,384017,1114010,686978,4265691,3975854,1096419,978772,5020827,\N,3041656,3997289,3511984,804124,926754,\N,1574621,426060,731741,517029,1268284,2790480,361356,361467,495407,1171604,1952538,1528728,1484435,1508386,324173,1615614,241115,1081671,410693,1755843,\N,\N,476021,841274,1458781,1095040,338045,1140399,197288,843907,473285,1350789,1136919,396184,937489,819495,149061,748755,\N,691546,1278547,857035,1040496,2257345,1300992,314469,1464527,1155886,\N,\N,\N,1712058,448094,2280694,661333,814761,1389249,\N,1308107,600090,1029080,1235795,1086722,1057188,523298,624299,1506903
26,\N,1291918,557059,262646,449193,\N,1464281,322900,1064036,\N,1272092,\N,1556129,678968,883049,615133,559332,1425765,\N,\N,\N,\N,\N,\N,\N,2143359,\N,\N,3165109,3540877,\N,3125429,\N,\N,635019,918630,1433331,840395,1332689,710031,1178371,1172166,611464,255314,1058467,\N,\N,1309655,\N,1266371,808015,524454,1408712,1830430,\N,3120898,\N,1894346,2695939,3187930,755117,1705708,2143844,1894674,589414,705014,1380910,1602213,1197917,\N,938901,953842,4189181,966230,1250896,\N,2907568,1130741,1120308,\N,501479,1685475,648403,871150,706436,1554838,935705,3457980,1579578,383885,1112296,683533,4263641,\N,\N,\N,3976411,\N,\N,1095579
27,977917,3040479,\N,3998095,3522635,804233,923305,1574071,424314,734064,514863,1268213,2789700,359747,360250,493072,1170300,\N,\N,\N,\N,\N,\N,\N,288482,1642560,290243,1644932,1612853,413170,1750302,1094184,\N,1141684,938652,4077708,752597,4081552,1038878,2255539,1153469,1386409,\N,2808396,1055299,887206,565604,1426088,1433090,\N,1334395,707734,611503,2752211,1056813,1756692,755664,2003399,1248028,1121951,3094170,648818,869743,4265691,3661354,3041656,926754,1171604,1952538,1615614,1755843,5794582,1095040,1136919,937489,748755,4496278,1040496,2257345,1837543,1155886,4896370,3570874,2811179,1389249,2898714,1064036,3736452,1518059,883049,4429856,559332,1425765,5464819,4139322,2830963,2335611,4749782,2565621,\N
28,2974392,2098180,2505771,1919007,3083589,2842363,1433331,1332689,710031,4382118,3056621,611464,1058467,3405058,\N,1309655,1830430,4658141,755117,2478143,3205105,3302583,1250896,\N,1120308,648403,4727790,871150,2361153,1387361,487877,4263641,3976411,3205359,3141723,3550493,3406341,3081873,2502815,3089434,2450525,3040479,4782052,2955693,2724447,3173758,923305,734064,1170300,\N,\N,1300206,\N,659450,\N,449462,\N,658304,\N,\N,\N,\N,1468946,\N,\N,252041,582106,\N,358691,1361253,\N,5450260,5485348,\N,\N,5735145,\N,3927915,1379464,1276552,3672475,\N,5253435,\N,485931,\N,\N,239622,413170,473881,397237,561341,389179,612428,565604,3536469,611503,1056813,755664,937352
29,952083,4190346,502879,648818,935064,3457426,384017,4265691,3041656,361356,2250152,3465735,4701862,\N,241115,1428625,1325708,\N,1949096,426624,171183,410693,3264098,472639,684063,1531626,817832,1075458,899413,397999,4830949,409871,4965399,632956,4825382,4912646,\N,\N,\N,1546394,1788899,1085138,1469840,\N,\N,473285,396184,3644416,2236323,4324760,4506996,4454243,1696465,2131175,2322273,3231568,2174892,3365337,2738777,2292600,\N,3804935,3745641,256139,1327284,253090,193681,436186,4592195,582465,804966,3485086,367185,1228997,552477,1471502,851647,5290075,558791,455874,557059,137624,1040086,137889,957798,\N,\N,\N,\N,\N,\N,\N,\N,359585,322900,2538287,3761866,3337504,396614,615133
30,559332,4549416,4482395,4631113,4720050,1360402,462978,251824,2763014,\N,435753,\N,\N,\N,\N,\N,462897,1229091,\N,167145,5461244,1968194,1571947,1835776,1305956,5481839,3540877,2248886,4709523,3267755,4835049,3647733,4328850,1698542,2320754,1326450,369891,2565621,\N,2535323,3340540,4556945,\N,\N,1383209,4075359,2974392,1125909,4424439,502027,517844,3051222,2098180,\N,2166548,3269343,1575593,629985,3917658,2505771,4122228,765575,1385484,199662,1818098,611437,1919007,643234,2974901,711206,817406,2058709,3083589,2842363,1603071,1845576,\N,\N,\N,\N,\N,433701,61248,517856,\N,\N,2934776,4082813,3935432,4971025,611464,1122666,451383,693887,1058467,4431250,4877841,498042,514443,699734
31,866810,763893,3120898,3196054,2695939,755117,3053227,2792661,\N,\N,\N,\N,1043870,1286375,\N,\N,\N,\N,\N,\N,\N,2162841,2671357,\N,\N,1624748,1867253,5737882,3261658,1490363,3396108,3336814,3306940,3432293,938901,\N,\N,404927,953842,3923272,4189181,1430203,428627,686020,4966700,1547032,4510969,3231653,3806525,203863,1230599,560137,\N,1571959,1573880,1605416,453255,867398,1043153,\N,1626086,3400993,2044743,4225293,1745049,232195,874596,1759171,1537683,259530,1055264,1084899,1229241,936174,1635314,1005555,2232165,500141,4562748,633013,2045860,2309226,3915226,501479,629896,4221877,4297221,251743,80745,1737770,1980275,773614,805411,61172,474066,231418,484742,648403,4115541,762324
32,874546,1117051,405023,935705,1378664,3457980,1535513,4834419,2176136,3745454,553306,\N,4494151,200658,\N,3930741,701259,3196009,\N,3339922,1759008,2361153,2001513,1737096,1217134,894621,3463651,383885,1536548,1779053,1378687,\N,1277447,451852,3668035,4263641,3452142,1328026,173391,803108,4911847,1794009,1086339,2221313,4456117,2113738,3348741,257891,450841,4593527,3481926,1477577,853240,5289443,457960,1041480,\N,3745019,4633743,2758989,\N,1231212,1818275,1820857,1852393,\N,517161,2936200,4968620,700232,765221,2695985,1290130,\N,2675149,1873063,3306092,263424,4559280,2291185,4299753,1992026,474527,489949,1121573,2006149,3449950,1784660,1302241,1331877,1346329,1183152,1882292,3340412,1252533,2478606,1317061,243936,535697,244905
33,1153458,297052,2739358,4729880,610194,4877935,3442278,1056378,781363,3081873,1298883,2502815,\N,\N,1075618,3089434,\N,\N,557905,\N,\N,1084867,404120,1327371,2450525,3040479,2641967,1142039,2795907,1230955,1217196,1364724,901908,642229,\N,935938,813399,1178443,2279734,1628133,1870638,\N,5275090,2970326,3339486,707969,1004648,893261,1247152,819429,2232276,2495642,359747,\N,485399,167145,80745,\N,435672,242322,\N,5418691,3139295,\N,5444007,\N,\N,5086223,\N,2867830,\N,\N,5489093,5435876,4565775,4774056,\N,4406393,\N,\N,\N,\N,4546548,\N,\N,4754829,4701612,4604335,5350158,\N,\N,\N,\N,\N,\N,\N,\N,\N,\N,\N
34,\N,\N,\N,\N,\N,\N,\N,\N,\N,\N,\N,\N,\N,627335,818183,\N,\N,\N,\N,\N,\N,\N,\N,\N,\N,\N,\N,\N,\N,\N,\N,\N,\N,\N,\N,\N,\N,\N,\N,2250442,1642560,2252204,1512360,326753,1612853,239622,413170,1750302,1460117,1094184,339258,\N,200621,473881,397237,938652,4077708,752597,860393,1038878,2255539,1299094,1153469,2281101,1386409,\N,1028557,2808396,524024,625391,561341,1267630,389179,1055299,1275360,1556091,681428,887206,612428,565604,1426088,3164868,3536469,841195,1334395,707734,611503,2752211,1056813,1312561,1756692,755664,2003399,588246,1384265,1603825,1202795,937352,952083,4190346
35,1248028,2916164,1121951,5805627,648818,869743,1555948,935064,3457426,1583596,384017,4265691,\N,3041656,3511984,804124,926754,731741,2790480,361356,495407,1508386,324173,1615614,241115,410693,\N,\N,1458781,1095040,338045,197288,473285,1136919,396184,937489,748755,857035,1040496,2257345,1300992,1155886,\N,1389249,1029080,523298,624299,262646,1263486,322900,1064036,\N,1272092,\N,1556129,678968,883049,615133,559332,1425765,\N,\N,4139322,2143359,\N,\N,627335,818183,3165109,\N,\N,840395,1332689,710031,611464,1058467,\N,\N,3405058,1309655,755117,2143844,589414,1602213,1197917,\N,938901,953842,1250896,2907568,1120308,648403,871150,1554838,935705,3457980,1579578,383885,4263641,\N
36,3976411,\N,3040479,3522635,804233,923305,734064,2789700,359747,3257198,3157986,2131978,2841714,2251965,1811155,2821051,2242627,1964246,2169188,\N,2034763,\N,3171880,722112,666681,1558137,1362951,5794582,719177,3160424,2879518,1173381,\N,371039,2382855,2984504,746154,1835099,349615,4390101,4830949,4816742,2104475,2473123,\N,1611037,2309417,4965399,514306,4264694,952002,\N,\N,1147503,898454,2378315,4825382,1637798,\N,4912646,5001583,5031219,\N,\N,\N,\N,2174992,558861,725144,658721,1933574,4535614,660866,1551823,1227609,1356716,1032503,713304,1667508,1389128,\N,1459645,3159809,2881705,2867063,\N,1171707,367089,2016261,1737881,1942823,2011721,\N,\N,1808398,2135820,2239840,\N,2377289,4701168
37,1665865,2013396,2086691,2053075,\N,4401863,2060077,\N,\N,\N,\N,2313962,\N,\N,\N,2311034,1284219,1496385,\N,4848454,5644287,\N,2127727,2968652,2652381,2091293,1812913,2017855,2086753,1883430,746253,\N,422040,4285965,\N,1830991,1506778,\N,3257747,\N,2842117,\N,\N,\N,344511,\N,556042,656402,4530879,1228060,1032873,\N,5464819,2878891,\N,2052778,\N,2654741,416077,1505022,\N,\N,4108569,4549416,4535209,6223761,\N,\N,1774398,2143359,\N,\N,4707939,1329504,\N,1979339,4683866,3921707,\N,\N,\N,\N,\N,496190,817425,580442,2048238,4482395,1307721,\N,4631113,4720050,4749686,\N,3535176,4573642,1917298,\N,\N,440786
38,1844915,\N,4388803,4110699,439323,4835049,\N,4396182,4556945,2060343,1781963,1986905,2055803,1924864,1852480,2227408,4822211,4290038,4544108,444396,623994,1603071,1845576,638915,1133717,670712,1816771,1959068,\N,2096516,\N,1929630,4382118,1385092,1732624,1805919,1772303,1779305,\N,\N,2033190,\N,2030262,1215613,\N,5325237,\N,1846954,1985070,2460115,2143844,4717372,625931,1610147,1332043,\N,2316808,2038428,2164956,2302405,1938513,2011808,1978191,1985194,\N,4966700,4688596,1605416,509670,4254592,3914324,952773,2312487,2034107,498844,1140964,1284637,816751,894097,1497177,1218796,576440,2372405,2008513,2081808,2048192,2055194,4834419,4494151,1632264,1308051,4911847,\N,4633743,1852393,2824988,5007984,\N,4849679,4729880
39,641730,5036473,4758369,3539894,1127833,4584658,673766,1916720,1923723,2131024,1852644,438603,1989595,2033316,2170765,1459341,1806872,1880167,1846551,1853553,\N,1299094,\N,1056813,1202795,\N,\N,\N,\N,\N,1300992,\N,\N,\N,\N,1837543,1754597,826292,\N,\N,\N,\N,\N,\N,\N,\N,\N,\N,\N,\N,\N,\N,\N,\N,\N,\N,\N,\N,1058467,\N,\N,\N,\N,\N,3405058,1408512,\N,\N,824021,1406965,1490997,1197917,\N,\N,\N,\N,\N,\N,\N,1490363,\N,\N,\N,\N,\N,\N,\N,\N,\N,\N,\N,\N,\N,\N,\N,\N,\N,\N,\N,\N
40,\N,\N,\N,1275360,\N,\N,\N,\N,1272092,2843556,1518059,\N,\N,\N,\N,\N,\N,\N,\N,1299094,3536469,3975854,\N,\N,1272092,\N,3540877,4565775,3051222,\N,3053227,3976411,\N,7522501,7147652,6789868,4571475,3109186,7192738,6334273,6477701,6110037,6458474,6307979,3745019,6134071,1202795,\N,\N,4835045,\N,824021,1197917,\N,\N,\N,\N,\N,\N,\N,\N,\N,\N,\N,1293314,872088,2250442,1973933,972742,449930,288482,933717,248853,1642560,897413,1962639,5125039,3672475,4762301,\N,\N,1296163,2252204,290243,917120,249634,1644932,\N,1489374,\N,1512360,326753,1340568,1233703,\N,1612853,239622,2629282,1089439,413170
41,\N,\N,1750302,476297,\N,\N,834219,1872099,1460117,1094184,3909626,339258,1140860,\N,\N,200621,845935,473881,1357300,1141684,397237,938652,2245964,824263,150759,4077708,752597,4081552,691478,1281780,860393,1038878,2255539,1299094,314658,1454117,1153469,\N,\N,\N,444840,2281101,665372,816840,1386409,1308396,\N,2219775,602068,\N,1028557,1239420,\N,\N,1892087,1088130,1059003,\N,2808396,\N,\N,524024,625391,1511880,\N,1295446,\N,561341,265246,449980,3893701,\N,1267630,1459705,389179,1055299,1275360,\N,1556091,681428,887206,612428,565604,1426088,\N,\N,673335,3164868,3536469,642936,922628,1433090,\N,\N,4836650,841195,\N,\N,\N,\N
42,1323058,1334395,707734,1179857,1175973,611503,2752211,4619609,256320,1795124,1056813,1312561,\N,1271971,807717,525621,1416697,1756692,755664,2003399,\N,588246,\N,\N,706211,1384265,1603825,1202795,937352,\N,952083,4190346,965233,1248028,2916164,1134717,1121951,\N,502879,5805627,\N,1684047,3094170,1901981,648818,869743,709444,1555948,935064,\N,4101982,3457426,4048764,1583596,384017,1114010,\N,686978,\N,4265691,3975854,1096419,978772,3925641,3661354,5020827,\N,3041656,3997289,3511984,804124,926754,\N,\N,\N,1574621,4285673,426060,731741,517029,1268284,2790480,361356,\N,\N,361467,495407,1171604,1952538,1528728,\N,1484435,750393,447988,1508386,2205348,2841714,1811155,1065193,1890127
43,2116122,324173,992479,1338457,811262,1230776,193948,885391,1615614,1281959,1067468,1964246,2109521,1007274,835648,1399064,702841,241115,1149285,1571179,948046,1660106,1373690,888321,710723,379340,1081671,589003,743265,410693,440193,841064,1441193,3264098,1440253,1115673,1354140,2639103,2353124,543677,\N,1755843,\N,\N,1558137,1253794,5794582,1446358,1173381,\N,1551041,1835099,349615,4390101,4830949,341776,\N,2104475,2238607,1418797,\N,\N,1147503,898454,3816709,476021,290666,228464,678858,841274,1869314,1087477,551023,1458781,457169,658721,642413,1519016,1125223,1095040,841612,825412,336652,1783746,486700,3361848,1614877,663745,338045,1150373,1179052,1140399,304114,412684,197288,961030,843907,564344,473285,1551823
44,1309247,1227609,1234612,1350789,788359,406050,541787,1136919,232378,780043,763735,1190712,396184,757167,994493,1032503,1039505,1872913,3286644,937489,1250884,303501,911107,3644416,891155,1563189,1233095,759906,1869799,1666475,352588,712828,2242639,953865,666346,819495,568764,149061,748755,1281534,441307,1442793,837083,\N,753796,4496278,834669,1907774,1528059,418421,1031606,1774557,593741,1657203,1311604,1096487,3143014,3534419,1076535,986631,1453734,771415,625422,717238,1133519,1304926,515656,951949,466512,\N,813954,844850,1681065,3828360,2643486,583670,1477741,1116634,793680,862791,312614,691546,1278547,857035,307824,1001916,1117877,1040496,838070,821870,389091,4324760,873232,396093,1414830,1363924,1780204,1858123,3358306,2257345
45,1909695,1999634,2881705,2865397,1763983,1450189,848717,\N,1300992,1528236,1841424,\N,2550791,2549851,774270,1837543,1569291,1971332,3000840,314469,870418,257108,1464527,953218,1818981,396524,877317,897668,\N,\N,1155886,738120,2220512,997020,816609,195854,1069336,840454,1398920,1155628,591854,848438,1171707,1076749,458642,829329,1149907,307772,\N,966422,1308201,790168,542971,235445,991583,309297,568962,4896370,423873,855803,307583,826916,1999960,1853744,945736,729679,404561,716213,704288,964327,2181689,\N,261194,\N,760626,237504,\N,941160,1097657,1017718,1033246,809963,2057295,\N,470060,690335,1585648,1004542,534191,3229638,3670485,540664,988235,\N,1386163,\N,203386,1204694,1860866,768878
46,434931,1178546,3570874,1216530,2209945,561307,656584,738124,663335,1079616,1712058,2811179,1252024,\N,\N,\N,1654039,1156062,452046,1119677,2105215,3804935,\N,930079,3183713,656146,423760,466533,\N,1173573,\N,1323386,1051741,993564,848926,549815,2088196,3745641,2327898,1388347,321867,613264,569738,3753654,3841120,\N,2656245,853719,976811,677663,1884873,1465269,414011,826380,1386233,828953,916488,386771,448094,364893,724502,2280694,401857,714090,1285318,661333,690644,814761,\N,1389249,\N,1032557,959821,\N,1918156,3496257,1308107,2334991,2212347,408238,1803709,2898714,1323214,600090,1933189,1027736,1029080,1776981,2177853,2053075,2060077,2781077,1284219,2360937,1235795,1085536,1890210,372576,1086722,1057188
47,248498,919475,563561,866507,1942829,2248928,1170926,532132,463335,523298,624299,1506903,772861,443419,\N,1291918,593060,235616,1205759,1996898,946533,557059,941704,911704,262646,1093363,1170658,1586665,915070,449193,328677,1690929,780999,\N,\N,\N,\N,\N,\N,\N,\N,\N,\N,\N,1263486,1464281,1013159,1812913,322900,1027710,\N,1064036,\N,807807,\N,422040,\N,3736452,1766141,\N,\N,1272092,\N,1657620,2043808,2660047,903653,1518059,1876426,3761866,2367861,1556129,1023406,347641,678968,976103,502419,136930,883049,1551210,4429856,457939,1210942,3337504,1190990,\N,1588028,746817,953246,1009232,1815359,2458497,1612036,290649,476874,1022352,784254,463796,615133,559332
48,1830991,1307233,1588908,1506778,1513780,2311329,\N,\N,1425765,\N,2842117,\N,\N,1440981,\N,344511,\N,656402,336604,\N,1228060,781802,1032873,908442,5464819,1097224,389100,2878891,2549755,\N,998739,\N,\N,2052778,\N,\N,\N,5280812,416077,\N,1208054,1505022,4108569,4549416,\N,6223761,\N,\N,1774398,4139322,2087399,1957074,2143359,\N,\N,\N,\N,1329504,594861,\N,4683866,184228,3921707,671619,\N,\N,\N,817425,568377,580442,4482395,2949502,1307721,1243090,\N,4631113,4720050,6407938,\N,3535176,\N,1591713,\N,\N,\N,440786,\N,1844915,\N,627335,3875141,818183,\N,670769,529618,1205943,3165109,4388803,3140203,3228628
49,\N,4110699,453529,\N,\N,3717554,2556659,2830963,2679183,2335611,3746460,1835776,700308,2039708,2083241,3622510,\N,3540877,2629257,3267755,\N,4835049,4581700,\N,\N,3647733,4749782,3535286,4328850,3674874,\N,2565621,1945851,4565775,\N,\N,\N,\N,3340540,4556945,\N,457234,\N,\N,5508724,2650008,4075359,\N,2932427,2974392,4424439,3125429,3051222,\N,596515,\N,1575593,629985,\N,\N,2505771,4122228,199662,1818098,611437,561224,5692901,1146554,643234,\N,\N,4099366,\N,2784294,2529487,635019,875140,537230,1173651,1239140,918630,1433331,\N,703180,1569549,1439064,338993,478823,639717,1178296,564366,1235625,765117,1040439,886944,1075726,998978,396665,2862206,2547839
50,1807982,982055,2337238,2060343,1203318,911565,1172431,2660555,977829,1186556,1512587,1169289,1973176,1781963,1791195,383815,2094965,1422081,1524109,1940389,2141443,1096285,2018308,1312820,602426,1986905,650121,490672,824991,575942,563757,2055803,1315286,1221592,1924864,1570215,424101,1852480,1184935,1353388,598443,801498,1133717,\N,840395,1372099,689435,237050,976923,1319428,201442,1125609,1332689,985039,1200753,2644312,1977434,2037669,773011,698934,1710741,710031,1816771,1959068,949167,1118505,2096516,1558711,4382118,1457932,1858803,\N,2000781,1805919,1592541,1772303,3718418,4082813,1779305,\N,\N,2039730,1321048,3056621,2017896,2462027,2309159,1252421,1591582,1003447,1215613,1888007,1392312,\N,3746991,2080165,1178371,764934,1172166,433404
51,668357,611464,1067711,771483,1413939,1761004,775350,1172354,904494,746391,2557035,2928636,1793098,773339,1318395,1299813,604479,896136,1220445,1207318,1175096,2480600,1177577,255314,1798295,1215833,384228,1058467,\N,2207240,\N,2087645,4431250,2094647,\N,3405058,\N,2810464,\N,\N,\N,1309655,625209,575613,1425294,2014635,547954,\N,1266371,654425,534628,808015,524454,827808,735993,1408712,719362,1364735,669765,1526053,423597,2193861,1932741,854738,1972921,451211,1968143,\N,5126882,\N,1830430,456115,1890514,898886,2116657,1737833,1374899,712323,375285,749662,1430643,2354740,2242183,229156,1524458,1788866,1615540,\N,407862,1194982,1879577,1241546,4658141,1141080,319013,1128717,1786453,1450373,1568405,871747
52,264368,396205,1091483,1923863,408699,1919478,2856233,1098637,372314,924868,2249909,533668,450443,960629,1587937,330855,1692290,1769500,1872036,1021634,509201,960486,479039,1023721,2393280,1964079,1216845,2680051,3120898,1248976,1947771,\N,688913,237725,1140305,699526,2535410,675834,1298420,2884489,553394,536911,828092,428311,1934165,1894346,\N,1275603,606475,636428,2079213,2798856,1889616,2636880,679227,1383296,1621362,3041370,919508,1939736,389002,1953100,1620290,137034,2762740,3196054,1997899,810223,1147975,2695939,3187930,3217566,2003056,3041522,3096413,829619,1748139,2559417,1119171,2618059,1012650,1551063,1039644,2003223,1219016,2015082,2899871,761594,1479698,1939968,1485365,755117,1304836,1705708,2143844,3053227,2142904,602717,1894674,2792661
53,589414,1413832,1252929,1096621,705014,594395,1182581,\N,\N,1380910,1640454,1276116,1931006,1602213,1860697,1156253,2022016,2307193,606808,1515730,2478143,1053478,\N,1197917,\N,513471,463875,\N,3205105,\N,1332043,1315735,\N,894438,3302583,632901,2247418,3510872,2550968,938901,1116974,595569,602572,1255855,2075309,953842,2102615,1985194,\N,4189181,3806525,4688596,1573880,2798162,\N,1229241,966230,1250896,\N,958359,930375,185457,1888709,642556,3466811,2907568,3161321,\N,3914324,633013,2631059,1083472,1130741,655286,678652,281791,1120308,\N,470439,420728,674588,654636,1595479,1225112,1379063,\N,464739,501479,1610389,3073187,3041025,773614,1062150,1685475,1241098,918091,1081523,1075179,648403,1003515
54,1140964,484847,755738,4727790,814134,1051460,1284637,1007245,816751,3743940,4115541,823753,1006256,1205611,1929881,638690,3435582,1076774,136885,382072,871150,894097,847621,989826,569883,576886,1218796,1948161,563034,317077,829410,706436,847365,1554838,549846,576440,560132,1615072,136664,935705,1869661,1683606,2084478,1818216,2055194,2687701,3457987,3745454,4494151,200658,3196009,2001513,1217134,1579578,2314014,2950380,1882347,1173859,1387361,1998793,487877,2114038,383885,1390181,1308051,1315053,1112296,319929,801450,607506,683533,566183,1244250,1224297,1388513,1137895,\N,3668035,4263641,\N,3761147,\N,\N,3745019,\N,4633743,1818275,1820857,\N,2695985,\N,\N,\N,2006149,1302241,1346329,244905,\N,3976411,\N
55,3831953,3847809,\N,\N,4729880,610194,\N,3550493,3194578,781363,\N,1298883,1195089,\N,1095579,514155,977917,3924122,557905,3223067,1223577,974722,4776046,3040479,2119045,892020,2640692,547635,3817998,681944,1123503,3364681,666159,414773,\N,3287984,354989,715327,955524,669344,4782052,2641967,3362268,847949,1972568,2657823,365975,1277442,3499679,1806954,1324124,1032309,868706,2973209,1175206,465368,919292,784152,\N,2368846,350768,2457121,467088,3539894,701192,1142039,1127833,1019531,1713039,3745459,2480802,1178882,2193061,859461,2004592,2795907,1181979,1931667,1517719,1060074,2252292,1230955,3465431,1078952,285352,3076591,1062512,2955693,1083444,1078026,3440085,319491,829746,1217196,2116854,1364724,1194090,504367,1223726,2724447
56,1047682,1117555,2117250,1955465,1267329,365395,287141,1568655,1398044,3998095,3173758,642229,3049356,1178443,1049867,3522635,3107187,1128312,2111249,804233,1923723,923305,582219,841564,1594567,1574615,828342,2115451,970965,1574071,677145,438603,422295,1742371,424314,734064,1668020,1481965,1882837,1616575,1846551,4106847,1853553,2486061,1077695,514863,1268213,1452531,1122384,1954363,2789706,2618763,1270156,412122,1006472,361099,359747,820431,1185153,1539913,284971,360250,493072,1170300,1111796,1371141,1038674,\N,\N,\N,\N,\N,\N,\N,\N,\N,\N,1202795,\N,\N,\N,\N,\N,\N,1490997,1197917,\N,1490363,\N,\N,\N,\N,\N,\N,\N,\N,\N,\N,\N,\N
57,1202795,\N,\N,\N,\N,4108569,2143359,4110699,2143844,1197917,\N,1490363,1387474,857756,102362,396830,302894,2255539,1316754,302483,1453426,1121878,1296109,1558218,1786651,1852986,1331859,1135790,463431,1259852,4884443,2112529,\N,729849,923169,1907774,976218,167719,550922,2656663,620276,141540,389221,402071,2257345,1473395,1123786,1299554,1559750,1857558,1137602,1262835,2112608,4144067,1909695,169766,4147912,2660225,1216961,1072254,1999634,2043893,1404711,1878549,3283147,644588,995258,1771972,2546369,1613239,2771184,1714948,1255618,1696465,2865397,4903009,1548759,973254,2962325,2616303,1603871,1763983,1661418,1242363,1534872,1450189,2040300,1091603,859530,1997407,2782731,1412697,832475,1616937,2768386,3189655,1771621,1828010,2131175,2033591
58,2723130,5087186,848717,1671980,1334116,2986332,2137784,1213444,1072936,1999960,890934,954349,2052727,1372531,1875202,3279923,1943741,303042,641305,408373,993172,1769841,2539708,185870,1609974,2765463,930669,1560070,1244319,1833911,1630587,1711309,1090673,1252296,1698542,141534,573712,2862206,1543600,3977676,968226,1794774,2960873,1559034,1580850,1662969,2611511,1582659,1599727,1199885,1263300,1761004,1658535,1240627,1537576,1450373,2034774,1087753,859445,\N,\N,3490878,4069048,1996650,1040245,2775920,5289949,\N,1400917,282864,302551,831044,185806,4949976,\N,1614138,707417,3186548,1834923,1938858,1769122,1824219,2113738,2037935,847949,1680300,408227,289411,4109363,1329334,\N,\N,3020182,2984907,1633282,1737217,1316290,1331505,731900,923398
59,976822,948838,1943302,1087652,1664922,1262487,707950,1938763,1735439,1463323,2131953,1462721,550700,\N,\N,\N,\N,\N,\N,\N,\N,\N,\N,\N,743759,928605,1293546,2143358,2188586,554619,264029,2270793,1317954,2062930,569517,676233,1670011,\N,1512360,1612853,1750302,1094184,1140860,938652,4077708,860393,1038878,2255539,1153469,1028557,1267630,887206,565604,3164868,3536469,1433090,\N,1334395,707734,1175973,1312561,1756692,755664,\N,1384265,937352,952083,1248028,2916164,1121951,\N,648818,869743,935064,3457426,1583596,686978,3975854,\N,926754,731741,1508386,2781767,1453426,926445,528863,1811155,1800972,2806129,2770838,2852847,1615614,526452,1964246,1464835,1244147,1046647,2927290,948046,972053
60,1113221,866075,1279242,1115673,771166,889156,1691210,1139680,1311085,1755843,666681,1049428,2104475,1593922,603646,2211954,1933573,874330,435903,3002135,552540,1095040,\N,2515983,523417,1114847,660866,611178,608474,702148,652830,5138685,764864,2660205,825412,1722053,929142,952441,404840,3895445,4286399,\N,1443673,1139061,1465586,705688,1817226,\N,363765,3666094,427791,\N,594611,812545,486700,577573,1717513,4226782,2623369,983023,\N,3361848,1336100,1514190,1140399,1048381,739098,1617262,1687779,895705,1461699,709494,2112529,546027,700598,874356,1228228,937489,651702,588409,3571922,694117,856807,569742,333961,1043741,412661,511569,524803,553279,902845,803847,329386,441346,3394003,2767443,1999998,1023520,857035,762464
61,1586022,1040496,1261896,1662968,748766,681586,2257345,1857558,2662638,2022142,4144067,1771972,1714948,1255618,1696465,973254,2962325,1603871,1661418,1450189,2040300,1091603,859530,1614499,2821542,1412697,1771621,1478869,2723130,848717,1887183,1671980,2986332,1455980,347393,557454,2243487,1155886,829329,3670485,434931,1327284,3353950,875289,1395895,1273471,2098273,687806,1029080,2135820,1721171,1891090,2336946,1379124,3773315,4848454,\N,428963,929110,1940775,1964782,1769841,738550,1168160,1263486,267672,2324409,1738139,1661413,364125,413098,1641181,1529422,542076,2720061,2355528,2533714,713062,1309172,1566255,1731933,542117,735713,1905167,2902398,1912994,338908,2504041,1590262,826298,542183,949931,2642600,1121456,1483186,581939,1135141,883049,951537,1711309
62,2946549,790166,1588028,1612036,405501,2121675,1843295,4577873,1913812,730603,1118467,559332,1174873,3165109,2074532,434993,3893146,1252296,2356512,2945457,453529,2832865,2890412,877993,486557,4352171,3746460,729405,528686,2053766,1835776,700308,914349,429045,3741568,673978,3540877,1698542,2531702,457234,3279111,3336658,596515,4986728,765575,511504,1034356,1436101,1433331,737113,1295704,1680494,525194,578280,553447,1332689,1737982,901778,968226,790292,2203465,2644312,2037669,810670,908752,698934,1373258,2859431,1852848,2934776,2895616,409460,2061676,1988190,710031,\N,1816771,1959068,949167,1118505,2096516,1929630,1440399,1615688,872419,2960873,1572040,1592541,1840491,1122871,\N,1881307,1321048,2017896,2462027,1060075,1252421,1594243,3454266,1591582
63,2030262,1003447,1888007,1392312,\N,1632089,2144147,1317557,1172166,1799821,1466071,1079568,772379,1591597,873873,1138280,1463056,544396,1226218,588186,4567448,1599727,545502,433404,1273277,1168980,1727140,1118914,1132984,1191948,2829404,3270252,1297186,1020291,\N,810876,1877145,866638,1636419,668357,1462564,3428775,1278432,755829,3188286,1428627,3404701,1239030,2808106,732711,\N,1554965,1286376,969704,2104476,3345408,1907206,494615,3342396,3440886,3470522,2256011,3294478,477815,1901152,1089662,2789285,1466066,943780,2557035,1318395,860910,1342402,709133,1636374,2281059,2217444,1309655,1719706,1266389,4691798,1263976,1658535,2335458,2888213,3329060,907688,2014635,547954,1602101,2932456,2241965,3221993,3499695,602164,2038642,1830430,1450373,699526,2535410
64,675834,553394,3175819,2636880,829619,755117,787185,1815872,806707,2034774,2097975,1658548,1378708,542454,2749121,1372332,1057886,1455772,1600763,2905846,1086682,1081893,3929274,2025427,876969,594395,3439538,2586283,655829,1380910,2134053,325827,1087753,732659,1791240,1279617,820725,760489,2605126,678984,1605466,364158,938901,365127,1255855,1430624,953842,1996650,3410761,1043153,3080368,1250896,2776952,1877908,2143908,1599528,1244024,3782842,672646,2907568,1400917,3770302,1905822,486756,1188991,543469,2045860,3769786,582346,1153699,589404,1120308,429300,1595479,734378,1665996,596313,4350928,2034107,1554748,4750894,3777535,815910,648403,853480,484847,1006256,1285196,4554926,1076774,871150,1672256,3086367,1992413,970387,935705,1716288,1660982,2106982,3457987
65,4234747,1769122,2387084,527814,2530500,581156,907151,2052576,3345282,744639,1579578,2622409,2671455,440973,1459208,338689,2052678,2198934,1882347,1909639,1387361,1570387,1450746,1906354,683533,981908,1388513,493210,4458530,2113738,1818275,3345498,3223058,1290130,2291185,2006149,1346329,1183152,3976411,2037935,3452046,3509593,4794663,2066423,840479,557905,743197,3364681,701192,2262060,3862820,1181979,1230955,1364724,1267329,1892713,914451,642229,1238122,827521,1178443,703664,1680300,438992,2933372,649055,588965,663977,1858285,923305,523518,1335162,694667,1021408,1329334,1020052,841564,1949107,740262,2564574,2970326,408190,481032,603204,828342,1085830,820347,677620,1450029,1322911,1449121,1652291,2062438,734064,2033316,973200,1514647,1689936,1668020,1589761
66,688640,427683,1596074,1616575,1914739,2063763,1905341,2041929,1084108,4919714,3478299,1665830,2104510,1077695,1912040,4995059,\N,1656123,1111110,673172,819429,2788188,1340115,\N,\N,\N,\N,1010645,1913716,1785976,1650556,2868499,2925202,2216423,2072582,1220853,1159867,1032127,896707,1708215,2872162,2008517,2492545,2488018,1782657,2436041,2882698,2043401,2645656,2265845,2910819,2770626,1869362,3053461,2035789,1602876,1467265,533131,2519413,2611122,1975958,1235365,1178280,2606908,3064093,1058246,1948546,2794352,2565133,2903055,1980016,2624190,2555193,2419774,2004675,1576280,2492069,2169808,3246820,2472822,1949096,1984056,1453330,2155226,2169348,1598402,1813660,1015622,2173401,1780100,1351705,945412,929277,2432827,2489530,2226653,2098913,2082778,1378068,1329698
67,1340913,1624618,1480743,2875235,2931937,2302614,2340391,2212651,2196516,1945815,1810395,2049090,1423205,1402382,871655,2644502,2478275,2960470,2944335,633894,1715695,1221802,1157172,1667320,2506633,1385741,2265143,2222850,2638334,2622199,2913806,1200980,1933052,1805311,1789176,2768396,2556421,3068229,834199,1865914,1871152,3055309,3096555,2040042,2023907,1079312,943893,1155904,1094918,967178,831758,2031424,1603029,1445237,\N,\N,\N,\N,\N,2181411,2053671,1918251,1603483,1865720,1463996,1035600,2060689,1402757,2927950,2074532,537372,1577217,2140356,1968194,1018688,1351357,2491829,1328866,1311669,2937074,2301248,1422102,2449280,635614,1717506,2282113,2527671,834577,1874586,3097774,1604489,\N,1866669,1035965,2143823,2444770,1216694,2575200,2258933,799321
68,1544658,2717517,3327886,1725769,2749834,729405,2947368,817384,2243809,2250228,624690,2128405,1987195,1404551,\N,1125909,1073192,1680993,1492831,1660821,1510883,1383142,1367007,1574334,2143174,1672312,1536893,2444672,1217237,1122666,2518003,2574705,2014495,1998360,2610818,2288557,797017,1971093,1542698,1012826,1200869,\N,1103694,1241103,1455472,872828,1259423,1174450,2114849,1357282,2508801,2320075,2184655,1913554,1159075,2230465,1625762,2327281,1932167,1094445,2178844,2058536,1516101,2007881,2175652,1987175,1973794,1900118,1964227,1234521,1923243,1227962,2608522,2718729,2006605,1878864,1786690,1032211,2551884,946922,2103601,2200418,1962220,2966076,2638388,1805304,2041747,1093489,967581,\N,2051980,1679918,1389237,1672032,2018272,2317041,1881018,2048788,1270257,1860311
